id_siniestro,id_cliente,tipo_siniestro,fecha_evento,monto_estimado,zona_geográfica,estado_reembolso
SIN0001,CLI012,Robo,2024-06-08,4369.61,Trujillo,Aprobado
SIN0002,CLI044,Robo,2024-04-03,13476.06,Arequipa,Aprobado
SIN0003,CLI095,Accidente,2023-05-18,1085.36,Lima Norte,Rechazado
SIN0004,CLI002,Robo,2024-05-09,7486.39,Lima Norte,En revisión
SIN0005,CLI005,Accidente,2023-05-26,6614.06,Piura,Aprobado
SIN0006,CLI034,Incendio,2024-12-22,10312.32,Arequipa,Aprobado
SIN0007,CLI058,Robo,2024-12-20,8843.62,Arequipa,Rechazado
SIN0008,CLI040,Robo,2023-06-20,3842.79,Arequipa,En revisión
SIN0009,CLI089,Incendio,2024-10-21,6988.02,Arequipa,Rechazado
SIN0010,CLI038,Accidente,2024-11-23,7852.16,Lima Norte,En revisión
SIN0011,CLI014,Robo,2024-03-21,12446.37,Lima Norte,Rechazado
SIN0012,CLI037,Robo,2024-05-17,5961.94,Arequipa,Rechazado
SIN0013,CLI065,Robo,2025-02-08,2840.71,Trujillo,Aprobado
SIN0014,CLI087,Incendio,2024-10-26,2957.22,Lima Norte,En revisión
SIN0015,CLI008,Accidente,2023-09-26,6523.09,Piura,En revisión
SIN0016,CLI039,Accidente,2025-03-23,14508.42,Piura,En revisión
SIN0017,CLI055,Incendio,2025-04-23,10842.14,Lima Norte,Aprobado
SIN0018,CLI044,Incendio,2024-05-18,9889.89,Piura,Rechazado
SIN0019,CLI056,Accidente,2024-03-03,11104.78,Lima Norte,En revisión
SIN0020,CLI039,Robo,2024-02-29,13393.47,Piura,Aprobado
SIN0021,CLI069,Accidente,2023-11-11,10286.34,Trujillo,Rechazado
SIN0022,CLI029,Incendio,2024-05-19,918.26,Arequipa,En revisión
SIN0023,CLI051,Robo,2024-10-18,7588.63,Lima Sur,Aprobado
SIN0024,CLI042,Accidente,2024-04-13,10743.79,Trujillo,Rechazado
SIN0025,CLI033,Incendio,2023-08-07,7276.5,Piura,En revisión
SIN0026,CLI088,Robo,2024-08-30,9126.51,Trujillo,En revisión
SIN0027,CLI095,Robo,2023-09-16,2656.13,Lima Norte,Rechazado
SIN0028,CLI035,Accidente,2024-02-05,630.74,Trujillo,Rechazado
SIN0029,CLI043,Robo,2023-10-21,13081.45,Trujillo,En revisión
SIN0030,CLI014,Accidente,2025-01-11,7906.67,Lima Norte,En revisión
SIN0031,CLI017,Accidente,2023-12-03,6823.07,Lima Sur,Aprobado
SIN0032,CLI079,Robo,2024-05-02,1373.39,Lima Sur,En revisión
SIN0033,CLI078,Incendio,2024-09-20,4454.95,Piura,En revisión
SIN0034,CLI020,Incendio,2023-06-24,4437.74,Arequipa,En revisión
SIN0035,CLI031,Robo,2024-02-25,14394.7,Piura,En revisión
SIN0036,CLI031,Accidente,2023-07-08,6860.45,Piura,Rechazado
SIN0037,CLI024,Accidente,2023-07-18,4546.74,Arequipa,Aprobado
SIN0038,CLI091,Robo,2024-04-04,10969.41,Lima Norte,Rechazado
SIN0039,CLI059,Accidente,2024-06-15,6583.78,Piura,Rechazado
SIN0040,CLI091,Accidente,2023-07-31,9570.87,Lima Norte,Aprobado
SIN0041,CLI065,Incendio,2024-05-31,10854.64,Trujillo,Aprobado
SIN0042,CLI055,Robo,2023-07-01,8693.6,Trujillo,En revisión
SIN0043,CLI062,Incendio,2025-01-29,11443.82,Arequipa,En revisión
SIN0044,CLI091,Robo,2023-06-24,5476.94,Trujillo,En revisión
SIN0045,CLI056,Accidente,2024-05-27,11428.52,Lima Sur,En revisión
SIN0046,CLI007,Accidente,2024-06-28,9655.0,Trujillo,Rechazado
SIN0047,CLI025,Accidente,2023-09-01,8363.61,Piura,Rechazado
SIN0048,CLI026,Accidente,2024-06-25,12857.65,Trujillo,En revisión
SIN0049,CLI057,Incendio,2025-02-19,9805.28,Arequipa,En revisión
SIN0050,CLI020,Robo,2023-11-17,7876.62,Trujillo,En revisión
SIN0051,CLI053,Accidente,2024-12-07,7037.94,Lima Norte,En revisión
SIN0052,CLI002,Robo,2024-11-20,5634.68,Arequipa,En revisión
SIN0053,CLI082,Accidente,2023-11-11,975.55,Lima Norte,Aprobado
SIN0054,CLI064,Incendio,2024-05-08,10169.66,Piura,Aprobado
SIN0055,CLI033,Accidente,2024-01-08,7558.07,Trujillo,En revisión
SIN0056,CLI086,Robo,2023-06-13,517.74,Piura,En revisión
SIN0057,CLI043,Accidente,2023-12-10,8208.78,Arequipa,Rechazado
SIN0058,CLI037,Robo,2024-05-26,1833.55,Lima Norte,Aprobado
SIN0059,CLI002,Robo,2023-09-11,10503.55,Lima Sur,Aprobado
SIN0060,CLI052,Accidente,2024-01-26,10564.95,Lima Norte,Aprobado
SIN0061,CLI010,Incendio,2025-04-07,8338.06,Piura,Rechazado
SIN0062,CLI033,Incendio,2023-07-26,13567.22,Trujillo,En revisión
SIN0063,CLI071,Accidente,2023-12-07,4754.65,Lima Sur,Rechazado
SIN0064,CLI073,Incendio,2024-10-15,9336.3,Lima Norte,Rechazado
SIN0065,CLI027,Robo,2024-08-12,14665.63,Trujillo,En revisión
SIN0066,CLI073,Robo,2024-01-03,8301.26,Lima Sur,En revisión
SIN0067,CLI054,Robo,2024-03-07,11620.63,Arequipa,Aprobado
SIN0068,CLI040,Accidente,2023-12-29,14028.54,Lima Sur,Rechazado
SIN0069,CLI076,Accidente,2023-07-10,10699.3,Piura,Rechazado
SIN0070,CLI084,Robo,2024-08-17,7855.67,Arequipa,Rechazado
SIN0071,CLI022,Robo,2023-08-31,6795.72,Trujillo,Aprobado
SIN0072,CLI049,Accidente,2025-04-10,2221.3,Lima Sur,Rechazado
SIN0073,CLI009,Incendio,2024-01-18,11478.86,Lima Sur,En revisión
SIN0074,CLI095,Robo,2024-09-25,8165.84,Trujillo,En revisión
SIN0075,CLI076,Accidente,2024-05-27,580.19,Lima Norte,Aprobado
SIN0076,CLI080,Incendio,2023-08-14,9037.62,Lima Norte,Rechazado
SIN0077,CLI016,Accidente,2023-08-30,1619.27,Arequipa,En revisión
SIN0078,CLI052,Incendio,2025-01-19,10877.87,Lima Sur,Aprobado
SIN0079,CLI050,Robo,2024-04-10,6613.86,Lima Sur,Aprobado
SIN0080,CLI031,Incendio,2024-11-10,11876.58,Trujillo,Aprobado
SIN0081,CLI099,Accidente,2023-08-22,4265.41,Trujillo,Rechazado
SIN0082,CLI058,Accidente,2024-07-07,3567.03,Trujillo,Aprobado
SIN0083,CLI065,Robo,2024-05-06,12508.37,Lima Sur,Rechazado
SIN0084,CLI030,Incendio,2023-10-06,1502.29,Trujillo,En revisión
SIN0085,CLI062,Robo,2023-05-03,12445.61,Trujillo,Rechazado
SIN0086,CLI076,Accidente,2025-03-24,9015.65,Trujillo,En revisión
SIN0087,CLI009,Incendio,2024-01-19,13589.99,Arequipa,Rechazado
SIN0088,CLI028,Accidente,2025-03-06,3313.95,Trujillo,Rechazado
SIN0089,CLI093,Accidente,2023-10-02,5007.74,Trujillo,En revisión
SIN0090,CLI097,Accidente,2024-10-30,7304.38,Arequipa,En revisión
SIN0091,CLI068,Incendio,2024-08-18,10394.68,Arequipa,Rechazado
SIN0092,CLI007,Accidente,2024-02-09,927.92,Arequipa,Rechazado
SIN0093,CLI040,Accidente,2023-10-07,8073.22,Arequipa,Rechazado
SIN0094,CLI003,Robo,2023-06-15,10043.03,Piura,Aprobado
SIN0095,CLI081,Robo,2025-01-27,7157.06,Lima Sur,Aprobado
SIN0096,CLI040,Robo,2025-02-12,12952.79,Lima Norte,Rechazado
SIN0097,CLI016,Accidente,2024-09-13,8124.09,Piura,Rechazado
SIN0098,CLI034,Accidente,2023-08-27,13677.5,Lima Sur,Aprobado
SIN0099,CLI010,Robo,2023-06-28,7590.77,Arequipa,En revisión
SIN0100,CLI010,Accidente,2024-04-16,9769.55,Trujillo,Aprobado
SIN0101,CLI040,Accidente,2023-12-18,7163.46,Arequipa,Rechazado
SIN0102,CLI060,Accidente,2024-11-07,4301.94,Arequipa,Aprobado
SIN0103,CLI068,Incendio,2023-06-13,1904.6,Arequipa,Aprobado
SIN0104,CLI037,Accidente,2023-12-12,13776.44,Arequipa,Rechazado
SIN0105,CLI001,Accidente,2024-12-25,11551.89,Arequipa,Aprobado
SIN0106,CLI073,Robo,2023-08-17,3724.47,Lima Norte,En revisión
SIN0107,CLI100,Accidente,2023-12-17,9779.88,Lima Sur,En revisión
SIN0108,CLI067,Accidente,2024-11-30,11080.58,Trujillo,En revisión
SIN0109,CLI017,Accidente,2023-05-28,12882.14,Trujillo,Rechazado
SIN0110,CLI073,Incendio,2023-11-09,12884.97,Piura,En revisión
SIN0111,CLI003,Accidente,2023-12-22,2392.23,Piura,En revisión
SIN0112,CLI006,Robo,2023-07-05,1859.5,Lima Norte,Aprobado
SIN0113,CLI037,Robo,2024-05-05,4336.32,Lima Norte,En revisión
SIN0114,CLI040,Incendio,2023-12-31,8055.25,Trujillo,En revisión
SIN0115,CLI074,Accidente,2023-04-25,9796.94,Piura,Rechazado
SIN0116,CLI011,Accidente,2023-07-02,2528.04,Lima Norte,Rechazado
SIN0117,CLI095,Incendio,2025-01-30,11034.01,Trujillo,Aprobado
SIN0118,CLI077,Incendio,2025-02-06,13077.83,Piura,Aprobado
SIN0119,CLI001,Accidente,2024-02-27,9464.25,Lima Sur,En revisión
SIN0120,CLI050,Accidente,2023-07-08,10254.36,Arequipa,Rechazado
SIN0121,CLI083,Incendio,2025-01-20,9548.99,Arequipa,En revisión
SIN0122,CLI042,Incendio,2024-07-11,1048.23,Trujillo,Aprobado
SIN0123,CLI008,Incendio,2023-04-29,3129.12,Trujillo,En revisión
SIN0124,CLI016,Accidente,2023-10-04,11937.68,Piura,En revisión
SIN0125,CLI007,Accidente,2024-06-18,10428.4,Piura,Aprobado
SIN0126,CLI060,Robo,2024-03-16,982.67,Piura,Aprobado
SIN0127,CLI020,Accidente,2023-06-12,12765.19,Trujillo,Aprobado
SIN0128,CLI031,Robo,2023-08-07,6359.92,Piura,En revisión
SIN0129,CLI051,Incendio,2023-10-08,11813.96,Trujillo,Rechazado
SIN0130,CLI040,Incendio,2023-08-24,11993.29,Trujillo,Rechazado
SIN0131,CLI074,Incendio,2025-04-20,10328.19,Lima Sur,En revisión
SIN0132,CLI030,Robo,2023-08-15,1424.28,Trujillo,Rechazado
SIN0133,CLI052,Accidente,2023-07-20,9412.25,Piura,Rechazado
SIN0134,CLI064,Incendio,2025-04-07,8424.2,Trujillo,En revisión
SIN0135,CLI026,Robo,2024-12-03,8526.74,Piura,En revisión
SIN0136,CLI028,Incendio,2024-01-11,4933.78,Arequipa,En revisión
SIN0137,CLI084,Accidente,2024-08-25,3781.15,Lima Norte,En revisión
SIN0138,CLI040,Robo,2025-03-31,1404.02,Lima Norte,Rechazado
SIN0139,CLI031,Accidente,2025-01-08,886.46,Arequipa,En revisión
SIN0140,CLI087,Robo,2024-04-17,7972.64,Piura,Aprobado
SIN0141,CLI028,Accidente,2023-07-31,5031.55,Arequipa,En revisión
SIN0142,CLI015,Incendio,2023-06-06,14744.57,Trujillo,Rechazado
SIN0143,CLI061,Accidente,2024-08-29,10026.39,Piura,En revisión
SIN0144,CLI091,Robo,2023-04-28,10691.92,Piura,En revisión
SIN0145,CLI001,Accidente,2024-12-11,2040.15,Lima Norte,Rechazado
SIN0146,CLI010,Robo,2024-10-10,12986.82,Piura,En revisión
SIN0147,CLI052,Accidente,2023-09-16,4128.18,Lima Norte,Rechazado
SIN0148,CLI091,Robo,2024-12-31,3817.76,Trujillo,Aprobado
SIN0149,CLI012,Incendio,2023-09-14,8263.49,Lima Sur,Rechazado
SIN0150,CLI086,Accidente,2023-08-30,8660.0,Arequipa,En revisión
SIN0151,CLI075,Accidente,2023-11-27,11051.83,Lima Sur,Rechazado
SIN0152,CLI075,Robo,2024-10-27,5280.66,Lima Sur,Aprobado
SIN0153,CLI003,Incendio,2023-06-02,9440.07,Trujillo,En revisión
SIN0154,CLI058,Incendio,2023-06-14,12745.66,Trujillo,Aprobado
SIN0155,CLI094,Accidente,2023-08-26,9062.06,Lima Norte,En revisión
SIN0156,CLI080,Accidente,2024-09-03,14195.22,Trujillo,En revisión
SIN0157,CLI098,Robo,2024-02-24,3734.68,Arequipa,En revisión
SIN0158,CLI037,Incendio,2023-06-17,4210.99,Arequipa,Rechazado
SIN0159,CLI092,Accidente,2024-03-15,14531.73,Lima Norte,Aprobado
SIN0160,CLI100,Accidente,2023-10-28,7969.65,Lima Norte,Rechazado
SIN0161,CLI061,Accidente,2024-11-11,10739.37,Arequipa,Aprobado
SIN0162,CLI050,Accidente,2025-04-05,968.49,Lima Sur,Rechazado
SIN0163,CLI054,Incendio,2024-05-26,12905.66,Lima Norte,En revisión
SIN0164,CLI041,Incendio,2024-12-01,14894.24,Lima Norte,Rechazado
SIN0165,CLI070,Incendio,2023-08-19,8616.09,Lima Norte,Rechazado
SIN0166,CLI008,Accidente,2024-03-26,10998.71,Lima Norte,Rechazado
SIN0167,CLI065,Incendio,2024-06-07,9437.7,Arequipa,Aprobado
SIN0168,CLI022,Robo,2024-06-12,9375.52,Arequipa,Aprobado
SIN0169,CLI034,Accidente,2024-12-15,10332.12,Arequipa,Aprobado
SIN0170,CLI041,Robo,2023-12-21,5329.3,Lima Norte,Aprobado
SIN0171,CLI088,Incendio,2025-03-04,710.01,Trujillo,En revisión
SIN0172,CLI025,Accidente,2024-05-21,2862.27,Lima Sur,En revisión
SIN0173,CLI044,Incendio,2025-04-01,8901.36,Piura,Rechazado
SIN0174,CLI058,Incendio,2023-11-23,13113.33,Lima Sur,Aprobado
SIN0175,CLI080,Incendio,2023-05-05,9304.54,Trujillo,En revisión
SIN0176,CLI088,Incendio,2023-08-26,4398.62,Lima Norte,En revisión
SIN0177,CLI087,Incendio,2024-03-04,5863.68,Lima Norte,En revisión
SIN0178,CLI082,Accidente,2025-01-30,6166.18,Arequipa,Aprobado
SIN0179,CLI022,Incendio,2024-03-24,9273.94,Piura,En revisión
SIN0180,CLI087,Incendio,2024-08-28,6081.7,Lima Norte,En revisión
SIN0181,CLI068,Robo,2023-12-20,14187.8,Arequipa,Rechazado
SIN0182,CLI047,Incendio,2024-11-21,10023.45,Lima Norte,Rechazado
SIN0183,CLI048,Accidente,2023-06-12,1114.83,Arequipa,En revisión
SIN0184,CLI054,Robo,2024-01-11,13876.63,Lima Sur,En revisión
SIN0185,CLI098,Incendio,2025-03-20,1302.84,Piura,En revisión
SIN0186,CLI054,Robo,2024-11-17,13322.61,Arequipa,En revisión
SIN0187,CLI075,Incendio,2024-09-08,6045.48,Lima Sur,Rechazado
SIN0188,CLI074,Accidente,2024-10-11,1475.29,Trujillo,Aprobado
SIN0189,CLI058,Robo,2023-08-18,11052.66,Lima Norte,Rechazado
SIN0190,CLI072,Incendio,2023-07-13,9888.88,Arequipa,Aprobado
SIN0191,CLI084,Incendio,2025-04-09,11900.09,Lima Norte,En revisión
SIN0192,CLI094,Incendio,2023-12-05,14476.28,Arequipa,Rechazado
SIN0193,CLI020,Robo,2023-08-28,9434.77,Piura,Aprobado
SIN0194,CLI033,Robo,2024-11-08,11681.02,Arequipa,Aprobado
SIN0195,CLI065,Robo,2023-07-08,13520.87,Lima Sur,En revisión
SIN0196,CLI046,Incendio,2023-08-31,3549.35,Trujillo,Aprobado
SIN0197,CLI032,Robo,2023-12-05,12793.57,Lima Norte,Aprobado
SIN0198,CLI064,Accidente,2024-12-01,14964.7,Arequipa,Aprobado
SIN0199,CLI057,Accidente,2024-02-11,2803.4,Lima Norte,Rechazado
SIN0200,CLI065,Robo,2023-10-21,13692.75,Arequipa,Aprobado
SIN0201,CLI043,Incendio,2025-01-14,9235.89,Trujillo,Rechazado
SIN0202,CLI028,Accidente,2024-12-15,2330.46,Trujillo,Aprobado
SIN0203,CLI089,Robo,2023-11-08,1489.61,Piura,Aprobado
SIN0204,CLI074,Robo,2025-03-03,884.56,Trujillo,Aprobado
SIN0205,CLI092,Robo,2023-08-24,7391.65,Arequipa,En revisión
SIN0206,CLI087,Incendio,2024-02-10,13098.73,Arequipa,Rechazado
SIN0207,CLI031,Incendio,2023-08-21,11552.66,Lima Norte,En revisión
SIN0208,CLI050,Robo,2023-05-01,4584.26,Lima Norte,Aprobado
SIN0209,CLI012,Incendio,2025-03-17,5680.43,Piura,Rechazado
SIN0210,CLI073,Robo,2025-02-01,13471.75,Arequipa,Aprobado
SIN0211,CLI049,Incendio,2024-11-15,3743.08,Piura,Aprobado
SIN0212,CLI010,Accidente,2024-02-18,688.29,Trujillo,En revisión
SIN0213,CLI072,Accidente,2023-12-22,8767.5,Lima Sur,En revisión
SIN0214,CLI087,Accidente,2023-09-14,6078.8,Piura,Aprobado
SIN0215,CLI032,Accidente,2025-02-22,11734.9,Arequipa,Aprobado
SIN0216,CLI097,Robo,2023-12-28,6401.66,Piura,En revisión
SIN0217,CLI065,Robo,2024-03-21,3782.09,Lima Sur,Aprobado
SIN0218,CLI063,Incendio,2024-04-21,10103.59,Lima Sur,Rechazado
SIN0219,CLI097,Accidente,2024-07-14,1952.87,Arequipa,Aprobado
SIN0220,CLI026,Incendio,2024-09-22,4591.98,Lima Sur,Rechazado
SIN0221,CLI069,Robo,2025-04-04,14335.28,Lima Sur,Rechazado
SIN0222,CLI082,Robo,2023-11-02,4779.33,Lima Sur,En revisión
SIN0223,CLI069,Robo,2023-09-26,6328.41,Trujillo,Rechazado
SIN0224,CLI089,Incendio,2023-05-16,7235.4,Lima Norte,Rechazado
SIN0225,CLI092,Accidente,2023-11-03,2363.82,Arequipa,En revisión
SIN0226,CLI037,Accidente,2024-10-22,3343.51,Arequipa,En revisión
SIN0227,CLI076,Robo,2024-10-13,9261.04,Lima Sur,Aprobado
SIN0228,CLI062,Accidente,2024-08-10,4594.89,Piura,Aprobado
SIN0229,CLI096,Robo,2025-04-03,13101.72,Piura,Aprobado
SIN0230,CLI062,Incendio,2024-02-02,12327.65,Lima Norte,Rechazado
SIN0231,CLI049,Accidente,2024-01-11,13893.79,Piura,Aprobado
SIN0232,CLI036,Incendio,2024-06-08,4204.13,Arequipa,En revisión
SIN0233,CLI096,Robo,2023-07-28,10636.44,Lima Norte,Aprobado
SIN0234,CLI021,Accidente,2025-02-02,10827.13,Trujillo,En revisión
SIN0235,CLI036,Robo,2023-07-29,12266.3,Arequipa,Rechazado
SIN0236,CLI013,Accidente,2024-11-28,3586.21,Trujillo,Aprobado
SIN0237,CLI058,Accidente,2023-12-05,3128.1,Lima Sur,Aprobado
SIN0238,CLI025,Robo,2024-02-24,6717.21,Lima Norte,En revisión
SIN0239,CLI089,Robo,2023-10-10,7869.71,Trujillo,En revisión
SIN0240,CLI078,Accidente,2024-12-03,2053.48,Trujillo,Aprobado
SIN0241,CLI047,Robo,2023-09-10,2025.29,Piura,Rechazado
SIN0242,CLI018,Accidente,2024-01-10,3438.38,Arequipa,Rechazado
SIN0243,CLI057,Accidente,2024-08-28,9732.43,Trujillo,Rechazado
SIN0244,CLI031,Robo,2024-01-06,12482.33,Lima Norte,En revisión
SIN0245,CLI021,Robo,2024-11-02,9587.39,Trujillo,En revisión
SIN0246,CLI051,Incendio,2025-02-14,2147.71,Arequipa,Aprobado
SIN0247,CLI026,Incendio,2025-02-26,8643.48,Lima Norte,Rechazado
SIN0248,CLI060,Incendio,2023-06-23,3855.66,Arequipa,Aprobado
SIN0249,CLI092,Accidente,2024-06-23,10869.48,Lima Sur,En revisión
SIN0250,CLI098,Accidente,2023-05-18,12130.38,Lima Sur,En revisión
SIN0251,CLI065,Incendio,2024-02-16,13583.08,Lima Sur,En revisión
SIN0252,CLI097,Robo,2024-08-04,5179.0,Trujillo,En revisión
SIN0253,CLI050,Incendio,2025-04-23,3399.0,Piura,Rechazado
SIN0254,CLI039,Incendio,2024-11-12,11907.36,Trujillo,En revisión
SIN0255,CLI067,Accidente,2023-07-01,6960.67,Trujillo,Aprobado
SIN0256,CLI042,Accidente,2023-09-28,7598.49,Lima Sur,Aprobado
SIN0257,CLI040,Accidente,2023-07-15,8942.65,Lima Norte,Aprobado
SIN0258,CLI009,Accidente,2024-04-05,1142.59,Arequipa,En revisión
SIN0259,CLI090,Robo,2024-08-06,10882.68,Arequipa,Aprobado
SIN0260,CLI094,Accidente,2024-09-20,4445.26,Lima Norte,Aprobado
SIN0261,CLI071,Accidente,2024-12-22,850.71,Piura,Aprobado
SIN0262,CLI082,Incendio,2024-12-24,3714.98,Arequipa,Aprobado
SIN0263,CLI094,Accidente,2024-12-12,6184.75,Piura,En revisión
SIN0264,CLI053,Accidente,2024-02-09,540.6,Piura,Aprobado
SIN0265,CLI019,Robo,2024-11-06,741.67,Lima Norte,En revisión
SIN0266,CLI067,Accidente,2025-04-22,8721.53,Lima Sur,En revisión
SIN0267,CLI093,Incendio,2024-08-18,1714.23,Lima Norte,Rechazado
SIN0268,CLI074,Robo,2024-08-28,4967.8,Trujillo,Rechazado
SIN0269,CLI075,Incendio,2024-01-14,8968.45,Lima Sur,Aprobado
SIN0270,CLI022,Robo,2023-05-10,1947.45,Piura,Aprobado
SIN0271,CLI078,Accidente,2024-02-06,4305.19,Trujillo,Rechazado
SIN0272,CLI052,Robo,2024-09-16,10879.89,Arequipa,Rechazado
SIN0273,CLI006,Incendio,2023-10-22,7756.52,Piura,Rechazado
SIN0274,CLI085,Accidente,2024-06-14,6397.9,Arequipa,Aprobado
SIN0275,CLI086,Robo,2025-03-07,14337.06,Trujillo,Aprobado
SIN0276,CLI058,Robo,2023-06-12,2170.78,Lima Norte,Aprobado
SIN0277,CLI014,Incendio,2023-09-15,7648.15,Lima Sur,Rechazado
SIN0278,CLI017,Accidente,2024-12-22,4626.42,Trujillo,Aprobado
SIN0279,CLI010,Robo,2023-06-12,2064.11,Arequipa,En revisión
SIN0280,CLI072,Accidente,2023-08-21,13402.53,Lima Sur,Rechazado
SIN0281,CLI045,Incendio,2024-04-21,8885.65,Arequipa,Aprobado
SIN0282,CLI055,Incendio,2024-07-17,12772.31,Trujillo,Aprobado
SIN0283,CLI063,Incendio,2024-01-16,8213.89,Arequipa,Rechazado
SIN0284,CLI010,Incendio,2024-09-10,12492.34,Lima Norte,En revisión
SIN0285,CLI007,Accidente,2024-03-01,4930.52,Lima Sur,En revisión
SIN0286,CLI006,Accidente,2023-09-09,6453.85,Lima Norte,Aprobado
SIN0287,CLI093,Accidente,2024-09-24,2935.24,Arequipa,En revisión
SIN0288,CLI012,Accidente,2024-02-19,4582.37,Lima Norte,Aprobado
SIN0289,CLI038,Incendio,2025-02-12,2892.73,Arequipa,En revisión
SIN0290,CLI001,Incendio,2023-12-20,10156.72,Arequipa,Rechazado
SIN0291,CLI014,Robo,2025-03-05,13609.35,Lima Norte,Aprobado
SIN0292,CLI095,Incendio,2023-06-02,6846.84,Lima Norte,Rechazado
SIN0293,CLI039,Incendio,2024-05-23,5275.15,Trujillo,En revisión
SIN0294,CLI028,Incendio,2023-07-21,12412.98,Piura,Aprobado
SIN0295,CLI079,Accidente,2024-01-18,2629.84,Lima Sur,En revisión
SIN0296,CLI058,Incendio,2024-01-31,3751.05,Piura,En revisión
SIN0297,CLI022,Incendio,2025-03-16,11092.6,Lima Norte,Aprobado
SIN0298,CLI024,Robo,2023-12-13,9389.46,Trujillo,En revisión
SIN0299,CLI059,Robo,2025-02-05,11340.15,Lima Norte,Rechazado
SIN0300,CLI086,Incendio,2024-08-03,14433.96,Piura,En revisión
SIN0301,CLI038,Robo,2024-10-09,3230.16,Arequipa,Aprobado
SIN0302,CLI010,Accidente,2025-04-07,1638.33,Lima Sur,Aprobado
SIN0303,CLI073,Incendio,2024-07-31,5067.29,Lima Norte,En revisión
SIN0304,CLI054,Incendio,2024-12-31,14906.16,Piura,Aprobado
SIN0305,CLI075,Incendio,2024-05-23,13535.12,Piura,Aprobado
SIN0306,CLI029,Incendio,2023-07-31,3718.51,Arequipa,Rechazado
SIN0307,CLI045,Robo,2025-01-19,12928.34,Arequipa,Rechazado
SIN0308,CLI085,Incendio,2023-08-17,14487.96,Piura,Rechazado
SIN0309,CLI048,Incendio,2024-11-12,14142.34,Arequipa,Rechazado
SIN0310,CLI099,Incendio,2024-02-18,9753.11,Lima Norte,En revisión
SIN0311,CLI099,Incendio,2023-12-19,10943.49,Trujillo,Aprobado
SIN0312,CLI036,Accidente,2024-04-19,11177.97,Arequipa,Rechazado
SIN0313,CLI051,Accidente,2024-10-18,14466.27,Arequipa,Aprobado
SIN0314,CLI006,Robo,2025-03-25,13664.26,Piura,Rechazado
SIN0315,CLI035,Accidente,2024-05-08,3806.66,Lima Norte,En revisión
SIN0316,CLI045,Robo,2025-04-05,13074.59,Lima Sur,En revisión
SIN0317,CLI025,Incendio,2024-03-10,1489.66,Lima Norte,Rechazado
SIN0318,CLI024,Accidente,2024-03-26,3610.11,Lima Sur,Rechazado
SIN0319,CLI003,Accidente,2025-03-24,8694.23,Piura,Aprobado
SIN0320,CLI028,Incendio,2024-01-14,12634.26,Piura,Aprobado
SIN0321,CLI057,Incendio,2024-12-05,3199.68,Lima Sur,Rechazado
SIN0322,CLI059,Robo,2024-11-14,10461.92,Lima Norte,En revisión
SIN0323,CLI048,Robo,2024-04-15,7663.31,Lima Norte,Aprobado
SIN0324,CLI082,Accidente,2024-10-15,1249.6,Arequipa,Rechazado
SIN0325,CLI057,Accidente,2024-04-12,9763.18,Lima Sur,En revisión
SIN0326,CLI063,Robo,2025-03-02,11092.61,Trujillo,Rechazado
SIN0327,CLI064,Incendio,2023-10-09,5308.73,Lima Sur,Aprobado
SIN0328,CLI043,Incendio,2024-05-19,13630.2,Lima Norte,Aprobado
SIN0329,CLI071,Robo,2023-11-15,14526.95,Trujillo,En revisión
SIN0330,CLI010,Robo,2023-10-03,8172.81,Lima Sur,En revisión
SIN0331,CLI024,Accidente,2024-08-29,9258.79,Arequipa,Aprobado
SIN0332,CLI096,Robo,2024-09-06,10783.15,Trujillo,Rechazado
SIN0333,CLI036,Incendio,2025-02-20,5855.35,Lima Sur,Aprobado
SIN0334,CLI015,Accidente,2024-03-02,11089.09,Piura,Rechazado
SIN0335,CLI042,Incendio,2024-12-31,950.11,Trujillo,En revisión
SIN0336,CLI018,Incendio,2025-04-03,7988.95,Lima Sur,En revisión
SIN0337,CLI043,Incendio,2024-12-11,9459.19,Lima Sur,En revisión
SIN0338,CLI056,Accidente,2024-08-11,2191.24,Piura,Rechazado
SIN0339,CLI058,Incendio,2023-10-18,4431.55,Trujillo,En revisión
SIN0340,CLI050,Robo,2023-07-22,6185.55,Lima Norte,Rechazado
SIN0341,CLI074,Robo,2024-04-09,11413.76,Lima Sur,En revisión
SIN0342,CLI038,Robo,2023-11-24,13289.59,Lima Sur,Aprobado
SIN0343,CLI001,Incendio,2024-02-23,8450.38,Trujillo,Aprobado
SIN0344,CLI024,Robo,2024-05-02,2037.65,Lima Norte,En revisión
SIN0345,CLI037,Accidente,2023-09-25,11785.25,Piura,Aprobado
SIN0346,CLI088,Robo,2024-10-31,11903.7,Lima Sur,Aprobado
SIN0347,CLI060,Accidente,2024-11-07,9734.22,Arequipa,Rechazado
SIN0348,CLI005,Incendio,2023-05-20,9955.2,Lima Sur,Rechazado
SIN0349,CLI100,Incendio,2024-05-17,669.66,Piura,En revisión
SIN0350,CLI040,Accidente,2024-02-03,4594.36,Arequipa,Rechazado
SIN0351,CLI052,Robo,2023-11-27,14108.05,Piura,En revisión
SIN0352,CLI039,Accidente,2025-04-12,9778.58,Piura,Rechazado
SIN0353,CLI100,Accidente,2025-02-24,909.67,Trujillo,Aprobado
SIN0354,CLI067,Incendio,2024-02-05,2475.0,Piura,Rechazado
SIN0355,CLI040,Incendio,2024-10-15,2227.97,Piura,En revisión
SIN0356,CLI074,Accidente,2024-12-26,9843.11,Lima Norte,Aprobado
SIN0357,CLI084,Accidente,2023-08-18,6527.84,Piura,Aprobado
SIN0358,CLI010,Robo,2024-09-17,9314.25,Lima Norte,Rechazado
SIN0359,CLI081,Robo,2024-08-18,12663.36,Lima Norte,En revisión
SIN0360,CLI052,Incendio,2025-01-15,4370.87,Piura,Aprobado
SIN0361,CLI005,Incendio,2024-05-01,5635.05,Piura,Aprobado
SIN0362,CLI015,Robo,2024-02-04,6465.6,Piura,Aprobado
SIN0363,CLI072,Robo,2025-01-21,13835.28,Lima Norte,Aprobado
SIN0364,CLI034,Accidente,2025-02-20,3215.99,Lima Norte,Rechazado
SIN0365,CLI047,Robo,2023-07-29,8341.33,Piura,Rechazado
SIN0366,CLI023,Robo,2023-11-14,12257.9,Lima Norte,Aprobado
SIN0367,CLI073,Incendio,2025-02-11,13684.93,Lima Norte,Rechazado
SIN0368,CLI020,Incendio,2024-02-02,11789.05,Lima Norte,Rechazado
SIN0369,CLI049,Robo,2024-03-25,7527.54,Arequipa,Rechazado
SIN0370,CLI065,Robo,2025-03-08,3248.53,Lima Norte,En revisión
SIN0371,CLI046,Robo,2025-04-07,13948.91,Lima Sur,Aprobado
SIN0372,CLI099,Robo,2024-10-29,11146.99,Lima Norte,Rechazado
SIN0373,CLI091,Incendio,2024-07-28,8547.44,Piura,Rechazado
SIN0374,CLI046,Incendio,2024-09-02,9955.78,Lima Sur,En revisión
SIN0375,CLI022,Robo,2024-10-30,589.7,Lima Norte,Rechazado
SIN0376,CLI082,Robo,2025-03-04,6660.75,Lima Sur,Aprobado
SIN0377,CLI100,Robo,2025-01-30,14039.92,Piura,Aprobado
SIN0378,CLI050,Robo,2023-08-15,2965.99,Lima Norte,Aprobado
SIN0379,CLI015,Accidente,2023-07-31,13319.68,Trujillo,En revisión
SIN0380,CLI100,Robo,2024-07-14,6166.29,Lima Norte,Rechazado
SIN0381,CLI055,Accidente,2024-06-03,9567.1,Lima Norte,Aprobado
SIN0382,CLI079,Accidente,2024-10-07,12371.73,Lima Sur,En revisión
SIN0383,CLI067,Robo,2024-01-07,1391.12,Arequipa,Aprobado
SIN0384,CLI061,Incendio,2024-01-14,13482.59,Piura,En revisión
SIN0385,CLI071,Accidente,2023-08-18,14976.57,Arequipa,Aprobado
SIN0386,CLI019,Incendio,2024-08-16,4482.8,Trujillo,Rechazado
SIN0387,CLI092,Robo,2024-12-04,13689.04,Lima Sur,Rechazado
SIN0388,CLI027,Robo,2023-05-11,12565.84,Trujillo,En revisión
SIN0389,CLI070,Robo,2024-05-06,4733.07,Lima Sur,Rechazado
SIN0390,CLI098,Accidente,2024-02-26,9557.82,Lima Sur,Rechazado
SIN0391,CLI064,Accidente,2023-09-29,7732.49,Trujillo,Rechazado
SIN0392,CLI084,Accidente,2024-06-07,7671.31,Piura,En revisión
SIN0393,CLI075,Accidente,2024-01-22,3989.18,Piura,En revisión
SIN0394,CLI045,Incendio,2025-01-26,11229.78,Piura,En revisión
SIN0395,CLI050,Robo,2024-10-01,2847.96,Arequipa,En revisión
SIN0396,CLI067,Accidente,2023-07-22,8842.52,Piura,Aprobado
SIN0397,CLI064,Incendio,2024-02-11,3676.63,Arequipa,En revisión
SIN0398,CLI037,Accidente,2025-01-20,14382.46,Arequipa,Rechazado
SIN0399,CLI008,Incendio,2023-12-28,3333.33,Piura,En revisión
SIN0400,CLI064,Accidente,2023-05-27,947.26,Arequipa,Rechazado
SIN0401,CLI069,Robo,2024-03-11,7825.94,Lima Norte,Aprobado
SIN0402,CLI050,Incendio,2024-06-22,1825.75,Lima Sur,En revisión
SIN0403,CLI086,Accidente,2025-04-01,9948.06,Arequipa,Aprobado
SIN0404,CLI088,Incendio,2024-07-06,9461.3,Trujillo,Aprobado
SIN0405,CLI088,Incendio,2024-04-22,11873.58,Trujillo,Rechazado
SIN0406,CLI053,Incendio,2024-02-27,963.21,Lima Norte,En revisión
SIN0407,CLI094,Incendio,2023-06-22,8407.48,Piura,Rechazado
SIN0408,CLI039,Incendio,2024-02-11,8790.54,Lima Norte,Rechazado
SIN0409,CLI003,Robo,2024-05-18,6668.26,Arequipa,Aprobado
SIN0410,CLI058,Accidente,2024-02-10,4510.61,Trujillo,Rechazado
SIN0411,CLI058,Incendio,2023-08-18,12387.56,Arequipa,Aprobado
SIN0412,CLI088,Robo,2024-12-22,9833.31,Piura,Rechazado
SIN0413,CLI077,Robo,2023-07-12,14297.23,Piura,Rechazado
SIN0414,CLI083,Accidente,2024-06-18,8612.6,Arequipa,En revisión
SIN0415,CLI021,Incendio,2024-08-21,13364.88,Lima Sur,Aprobado
SIN0416,CLI092,Accidente,2023-05-30,1815.26,Arequipa,Rechazado
SIN0417,CLI084,Incendio,2024-12-01,12416.55,Lima Norte,Aprobado
SIN0418,CLI029,Incendio,2024-09-12,2653.14,Arequipa,En revisión
SIN0419,CLI055,Accidente,2024-02-24,12564.02,Trujillo,En revisión
SIN0420,CLI089,Accidente,2024-11-07,8664.75,Lima Sur,Aprobado
SIN0421,CLI005,Accidente,2025-03-27,10525.33,Piura,Aprobado
SIN0422,CLI058,Robo,2023-06-07,13802.95,Arequipa,En revisión
SIN0423,CLI060,Robo,2025-01-23,11281.52,Lima Norte,En revisión
SIN0424,CLI093,Robo,2025-03-13,4832.82,Piura,Aprobado
SIN0425,CLI050,Robo,2024-06-08,11049.93,Arequipa,Rechazado
SIN0426,CLI070,Incendio,2024-06-29,1925.7,Arequipa,Rechazado
SIN0427,CLI061,Accidente,2024-03-14,1976.28,Lima Sur,Rechazado
SIN0428,CLI096,Accidente,2024-02-09,3935.52,Arequipa,En revisión
SIN0429,CLI001,Robo,2024-04-07,11818.43,Lima Sur,Aprobado
SIN0430,CLI036,Incendio,2024-01-02,1277.72,Piura,Aprobado
SIN0431,CLI077,Incendio,2023-09-16,6727.86,Lima Norte,En revisión
SIN0432,CLI029,Accidente,2024-05-10,7321.92,Lima Sur,En revisión
SIN0433,CLI049,Robo,2023-04-26,7178.85,Lima Sur,Aprobado
SIN0434,CLI029,Incendio,2024-12-31,4791.07,Piura,En revisión
SIN0435,CLI025,Accidente,2024-04-30,13432.17,Trujillo,Rechazado
SIN0436,CLI031,Accidente,2024-04-30,13390.1,Trujillo,En revisión
SIN0437,CLI045,Robo,2024-12-02,5847.03,Piura,Aprobado
SIN0438,CLI076,Accidente,2025-02-13,4270.37,Trujillo,Rechazado
SIN0439,CLI087,Accidente,2024-03-17,9277.62,Lima Norte,En revisión
SIN0440,CLI089,Incendio,2024-05-31,5262.37,Lima Sur,Rechazado
SIN0441,CLI056,Robo,2024-06-17,11930.55,Lima Norte,Rechazado
SIN0442,CLI029,Incendio,2024-07-07,10166.66,Lima Sur,Rechazado
SIN0443,CLI013,Incendio,2023-09-25,13059.27,Trujillo,Rechazado
SIN0444,CLI054,Robo,2023-08-17,3636.06,Lima Sur,Rechazado
SIN0445,CLI094,Accidente,2024-10-21,8298.29,Lima Norte,Aprobado
SIN0446,CLI013,Accidente,2023-08-02,13497.12,Arequipa,Aprobado
SIN0447,CLI070,Robo,2024-04-10,2972.66,Lima Norte,Rechazado
SIN0448,CLI086,Incendio,2025-02-06,519.03,Piura,Rechazado
SIN0449,CLI016,Accidente,2024-05-28,8992.6,Piura,Rechazado
SIN0450,CLI062,Incendio,2025-02-06,3856.36,Piura,Rechazado
SIN0451,CLI071,Robo,2024-02-24,5816.63,Piura,Rechazado
SIN0452,CLI043,Accidente,2024-02-17,4522.49,Piura,Aprobado
SIN0453,CLI028,Accidente,2025-04-21,6435.48,Piura,Aprobado
SIN0454,CLI020,Robo,2024-01-26,906.29,Trujillo,Rechazado
SIN0455,CLI011,Incendio,2023-09-28,9733.91,Lima Norte,Rechazado
SIN0456,CLI079,Accidente,2024-04-10,3667.45,Trujillo,Aprobado
SIN0457,CLI098,Incendio,2023-12-08,4126.18,Arequipa,En revisión
SIN0458,CLI010,Incendio,2024-01-27,3275.17,Piura,Aprobado
SIN0459,CLI019,Incendio,2023-07-30,10590.01,Arequipa,Rechazado
SIN0460,CLI018,Accidente,2023-05-16,2657.29,Piura,Aprobado
SIN0461,CLI033,Incendio,2024-06-04,13946.05,Arequipa,Aprobado
SIN0462,CLI099,Incendio,2025-01-30,10307.31,Trujillo,Rechazado
SIN0463,CLI083,Accidente,2025-04-02,4371.62,Piura,En revisión
SIN0464,CLI062,Accidente,2025-03-16,3384.29,Lima Norte,Rechazado
SIN0465,CLI090,Robo,2023-07-23,1783.08,Lima Sur,Aprobado
SIN0466,CLI040,Accidente,2024-01-17,10257.92,Trujillo,En revisión
SIN0467,CLI053,Accidente,2024-08-01,12993.22,Lima Sur,En revisión
SIN0468,CLI023,Incendio,2024-08-18,5618.42,Trujillo,Rechazado
SIN0469,CLI030,Robo,2025-02-28,3901.84,Trujillo,Rechazado
SIN0470,CLI022,Incendio,2025-01-26,5667.69,Lima Norte,En revisión
SIN0471,CLI078,Accidente,2024-07-04,6921.47,Lima Norte,En revisión
SIN0472,CLI012,Robo,2023-06-23,6714.78,Trujillo,Rechazado
SIN0473,CLI038,Incendio,2023-12-01,13561.43,Lima Sur,Aprobado
SIN0474,CLI024,Incendio,2024-10-29,12898.63,Piura,Rechazado
SIN0475,CLI010,Robo,2024-09-11,9770.41,Arequipa,Aprobado
SIN0476,CLI040,Robo,2024-05-02,4632.68,Arequipa,En revisión
SIN0477,CLI098,Incendio,2024-01-11,10497.42,Lima Norte,Aprobado
SIN0478,CLI036,Accidente,2023-06-03,1908.86,Lima Sur,En revisión
SIN0479,CLI097,Accidente,2025-01-02,10469.59,Piura,Aprobado
SIN0480,CLI094,Accidente,2023-04-29,5940.63,Lima Sur,Rechazado
SIN0481,CLI076,Incendio,2024-09-12,4812.4,Arequipa,Aprobado
SIN0482,CLI074,Robo,2024-11-12,3294.85,Piura,Rechazado
SIN0483,CLI071,Incendio,2023-10-03,3882.01,Arequipa,Aprobado
SIN0484,CLI067,Accidente,2024-01-20,10027.64,Lima Sur,Aprobado
SIN0485,CLI029,Accidente,2023-06-18,4082.73,Lima Sur,Rechazado
SIN0486,CLI053,Robo,2024-07-02,11048.63,Lima Sur,En revisión
SIN0487,CLI042,Robo,2023-08-26,6222.31,Trujillo,En revisión
SIN0488,CLI009,Robo,2023-12-27,1414.28,Arequipa,Rechazado
SIN0489,CLI069,Accidente,2024-03-06,14302.89,Arequipa,Rechazado
SIN0490,CLI064,Accidente,2025-03-22,2435.94,Arequipa,Aprobado
SIN0491,CLI023,Accidente,2025-02-22,2676.23,Piura,Rechazado
SIN0492,CLI029,Incendio,2025-03-13,8950.89,Arequipa,Aprobado
SIN0493,CLI099,Incendio,2024-06-11,13674.6,Arequipa,Aprobado
SIN0494,CLI031,Incendio,2023-07-26,13568.01,Lima Norte,En revisión
SIN0495,CLI043,Incendio,2024-01-31,8468.3,Lima Sur,Aprobado
SIN0496,CLI040,Accidente,2023-07-15,10136.39,Arequipa,Aprobado
SIN0497,CLI027,Accidente,2023-08-21,3083.32,Trujillo,En revisión
SIN0498,CLI025,Incendio,2025-03-21,10821.19,Arequipa,Aprobado
SIN0499,CLI100,Robo,2023-05-20,5244.71,Piura,Aprobado
SIN0500,CLI067,Accidente,2024-01-05,5046.46,Arequipa,Aprobado
